PLAYER_NAME,TEAM,POSITION,PLAYER_STATUS,GP*,BYE,FANTASY_POINTS,PRESEASON_RANKING,ACTUAL_RANKING,%_ROSTERED,PASSING_YDS,PASSING_TD,PASSING_INT,RUSHING_ATT,RUSHING_YDS,RUSHING_TD,RECEPTIONS,RECEIVING_YDS,RECEIVING_TD,TARGETS,RET_TD,2PT_CONVERSIONS,FUMBLES_LOST
Patrick Mahomes,KC,QB,A,18,10,396.63,28,28,100%,5190,39.7,13.2,73.5,389,3.3,0,0,0,0,0,2.2,3.3
Josh Allen,Buf,QB,A,18,13,379.33,33,33,100%,4338,32.6,14.1,122,692,6.5,0,0,0,0,0,2.2,4.3
Jalen Hurts,Phi,QB,A,18,10,379.11,31,31,100%,3892,24.8,9.8,165,839,10.3,0,0,0,0,0,2.2,3.3
Lamar Jackson,Bal,QB,A,18,13,355.74,45,45,100%,3823,23.2,11.5,171,1047,5.4,0,0,0,0,0,2.1,4.2
Justin Fields,Chi,QB,A,18,13,353.56,57,57,99%,3637,22.0,13.6,187,1061,7.9,0,0,0,0,0,2.2,5.3
Joe Burrow,Cin,QB,A,18,7,350.62,50,50,100%,4833,36.1,14.2,46.7,242,3.2,0,0,0,0,0,2.2,3.3
Justin Herbert,LAC,QB,A,18,5,327.52,78,78,99%,4857,33.5,13.0,52,175,2.0,0,0,0,0,0,2.2,4.3
Dak Prescott,Dal,QB,A,18,7,323.25,86,86,97%,4531,31.8,13.7,66.4,273,3.2,0,0,0,0,0,1.1,3.4
Deshaun Watson,Cle,QB,A,18,5,317.83,87,87,95%,4039,27.7,11.7,86.2,458,4.2,0,0,0,0,0,2.1,3.2
Trevor Lawrence,Jax,QB,A,18,9,316.87,72,72,99%,4472,31.0,13.9,62.8,290,3.2,0,0,0,0,0,1.1,4.3
Ja'Marr Chase,Cin,WR,A,18,7,310.54,2,2,100%,0,0,0,9.2,49.4,0,118,1707,12.6,176,0,1.1,1.1
Tua Tagovailoa,Mia,QB,A,18,10,308.31,92,92,96%,4620,33.0,12.1,35.8,98.0,1.7,0,0,0,0,0,1.1,3.2
Justin Jefferson,Min,WR,A,18,13,303.41,3,3,100%,0,0,0,6.3,34.7,0,122,1759,10.5,183,0,1.1,1.1
Aaron Rodgers,NYJ,QB,A,18,7,296.77,117,117,93%,4345,29.9,9.7,19.7,139,2.2,0,0,0,0,0,1.1,3.2
Kirk Cousins,Min,QB,A,18,13,296.51,115,115,92%,4630,31.6,13.7,34.1,102,1.0,0,0,0,0,0,1.1,3.2
Christian McCaffrey,SF,RB,A,18,9,293.39,1,1,100%,0,0,0,237,1137,8.7,76.5,638,4.3,92.3,0,1.1,1.1
Russell Wilson,Den,QB,A,18,9,289.60,156,156,80%,4085,26.8,11.8,62.8,273,3.2,0,0,0,0,0,1.1,3.2
Daniel Jones,NYG,QB,A,18,13,285.55,93,93,90%,3689,21.4,11.7,104,568,4.2,0,0,0,0,0,1.1,4.3
Geno Smith,Sea,QB,A,18,5,284.15,112,112,90%,4162,29.7,12.8,46.6,182,2.1,0,0,0,0,0,1.1,4.2
Jared Goff,Det,QB,A,18,9,283.75,123,123,85%,4534,31.8,14.9,12.6,50.0,0.8,0,0,0,0,0,1.1,3.4
Trey Lance,SF,QB,A,18,9,282.77,212,212,38%,3202,20.2,11.4,100,574,6.9,0,0,0,0,0,1.4,2.6
Anthony Richardson,Ind,QB,NA,17,11,280.69,118,118,82%,3414,20.4,12.9,115,621,5.5,0,0,0,0,0,0,3.1
Austin Ekeler,LAC,RB,A,18,5,274.82,4,4,100%,0,0,0,205,915,8.3,91.3,665,4.3,111,0,0,2.1
Jordan Love,GB,QB,A,18,6,273.96,206,206,52%,3537,22.6,11.7,88.4,377,4.7,0,0,0,0,0,3.9,4.2
Matthew Stafford,LAR,QB,A,18,10,271.62,175,175,58%,4584,29.5,15.9,16.2,65.8,0.0,0,0,0,0,0,1.1,3.4
Saquon Barkley,NYG,RB,A,18,13,270.24,7,7,100%,0,0,0,296,1282,9.3,56.5,445,2.3,71.8,0,1.2,1.1
Stefon Diggs,Buf,WR,A,18,13,261.78,14,14,100%,0,0,0,2.2,13.4,0,117,1438,10.1,170,0,0,1.1
Derek Carr,NO,QB,A,18,11,261.48,167,167,67%,4214,27.6,13.2,14.3,68.5,1.1,0,0,0,0,0,1.1,3.3
Cooper Kupp,LAR,WR,Q,18,10,260.94,9,9,100%,0,0,0,4.2,23.9,0,122,1435,9.4,176,0,0,1.0
Kenny Pickett,Pit,QB,A,18,6,258.79,189,189,41%,3892,22.5,14.8,62.8,289,3.0,0,0,0,0,0,1.1,3.4
Davante Adams,LV,WR,A,18,13,257.04,13,13,100%,0,0,0,1.1,5.3,0,109,1381,10.7,176,0,1.1,1.1
Bryce Young,Car,QB,NA,17,7,256.64,276,276,25%,3770,22.4,14.3,66.3,329,3.0,0,0,0,0,0,1.0,4.1
Travis Kelce,KC,TE,A,18,10,256.54,8,8,100%,0,0,0,0,0,0,112,1345,11.0,154,0,0,0
Sam Howell,Was,QB,A,18,14,255.89,216,216,15%,3886,23.3,13.8,63.4,262,3.0,0,0,0,0,0,0,4.6
Nick Chubb,Cle,RB,A,18,5,254.62,11,11,100%,0,0,0,298,1489,11.7,23.2,181,1.0,28.8,0,1.1,1.1
Jonathan Taylor,Ind,RB,Q,18,11,253.26,5,5,100%,0,0,0,292,1268,10.4,40.7,335,2.1,52.4,0,1.0,2.1
Ryan Tannehill,Ten,QB,A,18,7,250.20,213,213,12%,3758,23.2,11.4,54.6,194,2.2,0,0,0,0,0,1.2,2.5
A.J. Brown,Phi,WR,A,18,10,248.53,19,19,100%,0,0,0,8.3,47.4,0,92.6,1418,9.3,144,0,1.0,1.0
CeeDee Lamb,Dal,WR,Q,18,7,248.49,15,15,100%,0,0,0,13.9,75.8,0,103,1341,9.6,142,0,0,1.1
Jimmy Garoppolo,LV,QB,Q,18,13,245.61,245,245,17%,4252,26.2,15.3,7.5,23.2,1.0,0,0,0,0,0,1.2,4.7
C.J. Stroud,Hou,QB,NA,17,7,244.93,304,304,16%,3559,20.7,13.5,88,329,3.4,0,0,0,0,0,1.0,4.2
Derrick Henry,Ten,RB,A,18,7,244.92,17,17,100%,0,0,0,309,1333,12.4,25.5,187,1.0,34.4,0,1.0,1.0
Mac Jones,NE,QB,A,18,11,242.63,290,290,16%,4042,24.8,16.2,39.5,130,1.0,0,0,0,0,0,1.2,3.7
Desmond Ridder,Atl,QB,A,18,11,241.88,227,227,11%,3509,22.3,14.0,66.4,272,3.0,0,0,0,0,0,2.6,4.9
Kyler Murray,Ari,QB,Q,18,14,238.78,217,217,45%,3280,19.5,11.1,67.9,366,3.2,0,0,0,0,0,0.9,2.8
Josh Jacobs,LV,RB,A,18,13,236.61,12,12,100%,0,0,0,293,1250,8.5,44.0,324,1.0,57.5,0,1.1,1.1
Breece Hall,NYJ,RB,PUP-P,18,7,235.39,20,20,100%,0,0,0,274,1199,8.2,50.8,391,1.1,66.3,0,0,2.3
Bijan Robinson,Atl,RB,A,17,11,232.76,6,6,99%,0,0,0,263,1177,8.7,45.8,351,1.1,58.3,0,1.0,2.0
Travis Etienne Jr.,Jax,RB,A,18,9,227.28,23,23,99%,0,0,0,255,1185,7.4,45.8,356,1.4,59.2,0,1.1,2.2
Tony Pollard,Dal,RB,Q,18,7,227.13,16,16,100%,0,0,0,226,1027,7.6,53.1,414,2.2,67.3,0,0,1.1
Amon-Ra St. Brown,Det,WR,A,18,9,222.38,21,21,100%,0,0,0,9.7,60.2,0,113,1234,6.4,153,0,0,1.1
Rhamondre Stevenson,NE,RB,A,18,11,221.27,22,22,99%,0,0,0,255,1082,8.4,45.7,338,1.1,59.2,0,1.0,1.0
Garrett Wilson,NYJ,WR,A,18,7,220.62,18,18,100%,0,0,0,7.5,48.1,0,95.0,1259,7.4,140,0,0,1.1
Jaylen Waddle,Mia,WR,A,18,10,219.28,24,24,100%,0,0,0,7.5,43.9,0,88.8,1277,7.5,135,0,0,1.1
Najee Harris,Pit,RB,A,18,6,214.41,25,25,99%,0,0,0,276,1125,7.4,43.0,296,1.1,55.6,0,1.1,1.1
Jahmyr Gibbs,Det,RB,A,17,9,214.36,43,43,95%,0,0,0,171,786,5.6,67.3,512,3.2,84.5,0,0,1.1
Tee Higgins,Cin,WR,A,18,7,213.57,26,26,100%,0,0,0,1.1,5.6,0,90.6,1230,7.8,131,0,0,1.1
Kenneth Walker III,Sea,RB,A,18,5,213.34,32,32,99%,0,0,0,260,1176,8.6,29.6,224,1.1,38.3,0,1.1,1.1
DeVonta Smith,Phi,WR,A,18,10,212.34,27,27,99%,0,0,0,1.1,7.6,0,91.1,1226,7.6,135,0,0,1.1
DK Metcalf,Sea,WR,A,18,5,210.14,38,38,99%,0,0,0,3.4,21.4,0,88.9,1163,7.9,140,0,1.1,1.1
Chris Olave,NO,WR,Q,18,11,207.64,29,29,99%,0,0,0,1.1,5.3,0,85.7,1219,7.4,138,0,0,1.1
Amari Cooper,Cle,WR,A,18,5,204.69,39,39,97%,0,0,0,0,0,0,86.9,1159,7.9,135,0,0,1.1
Calvin Ridley,Jax,WR,A,18,9,204.18,52,52,96%,0,0,0,0,0,0,87.2,1153,7.5,135,0,1.1,1.1
DJ Moore,Chi,WR,A,18,13,203.99,53,53,96%,0,0,0,14.9,75.7,0,86.0,1123,6.9,138,0,1.1,1.1
Javonte Williams,Den,RB,Q,18,9,203.16,91,91,91%,0,0,0,240,1030,7.7,40.7,295,1.2,50.9,0,0,1.5
Dameon Pierce,Hou,RB,A,18,7,200.45,40,40,96%,0,0,0,275,1149,7.2,29.8,216,1.0,41.3,0,1.0,1.0
Alvin Kamara,NO,RB,A,18,11,200.29,79,79,95%,0,0,0,187,769,4.3,61.8,503,2.8,77.9,0,1.1,1.1
Keenan Allen,LAC,WR,A,18,5,199.66,46,46,97%,0,0,0,2.2,12.0,0,99.7,1114,6.6,142,0,0,1.1
J.K. Dobbins,Bal,RB,Q,18,13,199.09,34,34,98%,0,0,0,249,1190,7.5,23.7,182,0.8,30.5,0,1.1,1.0
Deebo Samuel,SF,WR,A,18,9,197.93,44,44,98%,0,0,0,38.8,212,2.2,73.3,966,5.4,110,0,0,1.1
Brandon Aiyuk,SF,WR,A,18,9,196.87,61,61,94%,0,0,0,7.8,43.6,0,78.2,1088,7.8,117,0,0,1.1
Joe Mixon,Cin,RB,A,18,7,195.73,49,49,97%,0,0,0,223,955,7.3,41.1,302,1.0,52,0,1.0,1.0
Jerry Jeudy,Den,WR,A,18,9,195.34,71,71,93%,0,0,0,5.3,30.7,0,81.6,1091,7.4,133,0,0,1.1
Cam Akers,LAR,RB,A,18,10,194.54,41,41,96%,0,0,0,262,1091,7.8,30.4,217,1.1,39.5,0,0,2.2
Michael Pittman Jr.,Ind,WR,Q,18,11,193.08,75,75,92%,0,0,0,6.9,34.6,0,97.9,1086,5.7,145,0,0,1.1
James Cook,Buf,RB,A,18,13,192.57,83,83,91%,0,0,0,237,1049,7.9,29.6,223,0.9,37.7,0,0,1.2
Mike Williams,LAC,WR,A,18,5,192.13,68,68,93%,0,0,0,1.1,7.7,0,73.7,1106,7.7,115,0,0,1.1
Tyler Lockett,Sea,WR,A,18,5,191.22,48,48,96%,0,0,0,1.1,9.6,0,78.3,1086,7.4,115,0,0,1.1
Chris Godwin,TB,WR,A,18,5,190.51,59,59,94%,0,0,0,2.1,11.8,0,96.5,1047,6.4,140,0,0,1.1
Terry McLaurin,Was,WR,A,18,14,188.87,51,51,96%,0,0,0,6.3,33.6,0,85.1,1136,5.2,135,0,0,1.0
Drake London,Atl,WR,A,18,11,187.62,55,55,94%,0,0,0,0,0,0,90.7,1068,6.3,136,0,0,1.0
Miles Sanders,Car,RB,A,18,7,186.11,36,36,98%,0,0,0,257,1097,6.1,28.4,213,1.1,39.5,0,0,1.0
Christian Kirk,Jax,WR,A,18,9,183.90,74,74,92%,0,0,0,3.2,21.6,0,83.0,1032,6.5,122,0,0,1.1
Isiah Pacheco,KC,RB,Q,18,10,181.79,60,60,95%,0,0,0,223,1005,7.8,24.4,190,0.9,31,0,0,1.1
AJ Dillon,GB,RB,A,18,6,180.90,90,90,90%,0,0,0,214,915,7.3,31.8,230,1.1,41.3,0,1.0,1.1
D'Andre Swift,Phi,RB,A,18,10,180.27,70,70,93%,0,0,0,146,672,4.4,57.8,459,2.3,73.6,0,0,1.1
James Conner,Ari,RB,A,18,14,178.73,54,54,94%,0,0,0,217,862,6.2,39.2,300,0.9,52,0,1.0,1.0
DeAndre Hopkins,Ten,WR,A,18,7,177.94,42,42,97%,0,0,0,0,0,0,84.9,1001,6.2,128,0,0,1.0
Christian Watson,GB,WR,A,18,6,177.72,63,63,92%,0,0,0,7.3,47.2,0,69.2,1027,6.3,117,0,0,1.1
Rachaad White,TB,RB,A,18,5,177.29,65,65,92%,0,0,0,212,871,6.1,37.5,284,1.0,50.2,0,1.0,1.0
Gabe Davis,Buf,WR,A,18,13,177.26,100,100,88%,0,0,0,2.4,15.7,0,62.8,962,8.4,106,0,0,1.2
Mike Evans,TB,WR,A,18,5,176.97,76,76,92%,0,0,0,1.0,6.2,0,74.3,1038,6.2,129,0,0,1.0
Rashaad Penny,Phi,RB,A,18,10,174.34,69,69,90%,0,0,0,188,943,7.7,20.8,164,1.2,26.9,0,1.1,1.1
Dalvin Cook,Min,RB,NA,18,13,173.01,64,64,95%,0,0,0,205,878,6.5,33.5,251,1.1,43.2,0,1.1,2.2
David Montgomery,Det,RB,Q,18,9,172.35,56,56,94%,0,0,0,202,853,7.6,30.5,218,1.1,37.3,0,0,1.2
George Pickens,Pit,WR,A,18,6,171.34,95,95,90%,0,0,0,2.1,13.8,0,70.2,969,6.3,115,0,1.1,1.1
Brian Robinson,Was,RB,A,18,14,166.29,67,67,91%,0,0,0,226,931,6.1,26.4,189,1.1,34.1,0,0,1.2
Brandin Cooks,Dal,WR,A,18,7,165.72,101,101,86%,0,0,0,2.2,13.2,0,72.4,971,5.5,117,0,0,1.1
Marquise Brown,Ari,WR,A,18,14,165.40,77,77,89%,0,0,0,2.9,20.4,0,76.5,921,5.8,127,0,0,1.0
Khalil Herbert,Chi,RB,A,18,13,164.43,89,89,88%,0,0,0,212,921,5.0,29.0,222,1.4,43.1,0,0,1.3
De'Von Achane,Mia,RB,A,17,10,162.74,157,157,62%,0,0,0,169,777,5.2,37.5,302,1.2,47.5,0,0,1.3
Diontae Johnson,Pit,WR,A,18,6,162.49,73,73,90%,0,0,0,11.9,65.8,0,87.3,885,4.3,133,0,0,1.1
Michael Thomas,NO,WR,Q,18,11,162.41,124,124,83%,0,0,0,0,0,0,81.6,904,5.6,115,0,0,1.1
Treylon Burks,Ten,WR,A,18,7,160.04,82,82,86%,0,0,0,0,0,0,71.7,943,5.3,118,0,0,1.1
George Kittle,SF,TE,A,18,9,159.25,47,47,100%,0,0,0,0,0,0,68.1,843,6.8,93.1,0,0,0
Jordan Addison,Min,WR,Q,17,13,156.68,98,98,82%,0,0,0,4.9,52.8,0,71.6,879,4.9,111,0,0,1.0
Kadarius Toney,KC,WR,A,18,10,156.15,104,104,85%,0,0,0,16.7,89.7,1.0,60.9,704,5.8,82.5,1.3,0,1.0
Jahan Dotson,Was,WR,A,18,14,154.67,94,94,86%,0,0,0,0,0,0,63.2,894,5.9,109,0,0,1.0
Antonio Gibson,Was,RB,A,18,14,153.93,102,102,86%,0,0,0,158,665,4.3,39.3,300,2.0,50.3,0,1.1,1.1
JuJu Smith-Schuster,NE,WR,Q,18,11,153.43,121,121,65%,0,0,0,6.4,32.9,0,80.7,862,4.3,120,0,0,1.1
Skyy Moore,KC,WR,A,18,10,150.60,125,125,63%,0,0,0,10.7,61.0,0,65.7,758,6.0,87.9,0,0,0
Darnell Mooney,Chi,WR,Q,18,13,150.16,137,137,53%,0,0,0,5.8,34.7,0,62.6,898,4.7,108,0,0,1.1
Rashee Rice,KC,WR,A,17,10,150.00,259,259,24%,0,0,0,0,0,0,66.8,817,5.8,93.4,0,0,0
Damien Harris,Buf,RB,A,18,13,149.90,81,81,87%,0,0,0,188,856,7.1,15.7,114,0.8,19.8,0,0,1.1
Jaxon Smith-Njigba,Sea,WR,A,17,5,149.81,97,97,85%,0,0,0,2.0,13.4,0,73.5,828,5.2,103,0,0,1.0
Quentin Johnston,LAC,WR,A,17,5,149.34,135,135,61%,0,0,0,1.0,6.1,0,65.8,860,5.3,99.7,0,0,1.0
Jamaal Williams,NO,RB,A,18,11,149.05,88,88,90%,0,0,0,188,778,6.4,22.4,172,1.1,28.7,0,0,1.1
Dallas Goedert,Phi,TE,A,18,10,148.55,58,58,99%,0,0,0,0,0,0,65.9,761,6.6,91.5,0,0,0
Darren Waller,NYG,TE,A,18,13,148.48,84,84,97%,0,0,0,0,0,0,68.5,816,5.4,102,0,0,0
T.J. Hockenson,Min,TE,A,18,13,148.35,35,35,99%,0,0,0,0,0,0,74.2,780,5.6,106,0,0,0
Jameson Williams,Det,WR,SUSP,12,9,147.43,109,109,68%,0,0,0,5.0,31.7,1.0,52.3,788,5.2,85.9,0,1.0,0
Kyle Pitts,Atl,TE,Q,18,11,147.39,66,66,98%,0,0,0,0,0,0,67.6,808,5.5,102,0,0,0
Jakobi Meyers,LV,WR,A,18,13,146.65,116,116,55%,0,0,0,1.1,7.6,0,76.5,836,4.4,111,0,0,1.1
Zach Charbonnet,Sea,RB,NA,17,5,145.72,132,132,67%,0,0,0,174,783,5.4,25.1,191,0.9,31.5,0,0,1.1
Tyler Boyd,Cin,WR,A,18,7,144.29,134,134,56%,0,0,0,2.2,17.4,0,64.1,800,5.4,91.5,0,0,1.1
Evan Engram,Jax,TE,A,18,9,142.04,80,80,97%,0,0,0,0,0,0,69.6,740,5.5,96.6,0,0,0
Rashod Bateman,Bal,WR,Q,18,13,142.00,99,99,72%,0,0,0,0,0,0,59.8,818,5.4,93.8,0,0,1.1
Zay Flowers,Bal,WR,A,17,13,141.00,138,138,53%,0,0,0,7.1,51.3,1.0,51.9,729,5.2,85.4,0,0,0
Zay Jones,Jax,WR,A,18,9,140.62,136,136,52%,0,0,0,2.3,13.6,0,70.3,789,4.6,101,0,0,1.1
Mecole Hardman Jr.,NYJ,WR,A,18,7,140.46,237,237,14%,0,0,0,16.6,90.8,1.3,55.6,660,3.9,79,1.1,0,0
David Njoku,Cle,TE,A,18,5,140.33,96,96,94%,0,0,0,0,0,0,68.5,739,5.4,96.7,0,0,0
Pat Freiermuth,Pit,TE,Q,18,6,139.69,85,85,95%,0,0,0,0,0,0,67.6,732,5.5,100,0,0,0
Courtland Sutton,Den,WR,A,18,9,138.92,103,103,69%,0,0,0,0,0,0,57.9,814,5.1,97.8,0,0,1.0
Tyler Allgeier,Atl,RB,A,18,11,137.86,107,107,78%,0,0,0,177,769,5.4,19.7,144,1.1,27.5,0,0,1.1
Allen Lazard,NYJ,WR,A,18,7,137.50,128,128,58%,0,0,0,2.0,11.2,0,60.2,756,5.1,91.5,0,0,0
Rashid Shaheed,NO,WR,Q,18,11,137.01,153,153,35%,0,0,0,11.2,82.9,1.1,51.1,654,4.5,80.8,1.1,0,1.1
Adam Thielen,Car,WR,A,18,7,134.99,141,141,54%,0,0,0,0,0,0,66.0,722,5.3,101,0,0,1.1
Elijah Moore,Cle,WR,A,18,5,134.83,106,106,62%,0,0,0,8.5,60.1,0,59.6,720,4.8,89.7,0,0,1.0
Rondale Moore,Ari,WR,A,18,14,131.70,139,139,42%,0,0,0,12.8,86.1,1.0,64.5,633,3.9,96.9,0,0,1.0
Khalil Shakir,Buf,WR,A,18,13,130.20,234,234,9%,0,0,0,2.5,15.2,0,54.4,710,5.1,86.2,0,0,0
D'Onta Foreman,Chi,RB,A,18,13,129.93,114,114,71%,0,0,0,183,801,5.2,16.3,125,0.0,21.6,0,0,1.0
Raheem Mostert,Mia,RB,A,18,10,128.76,133,133,55%,0,0,0,149,683,4.6,22.6,172,1.1,28.8,0,0,1.1
Samaje Perine,Den,RB,A,18,9,127.36,108,108,80%,0,0,0,129,533,3.7,38.2,283,1.1,49.1,0,0,0.9
Curtis Samuel,Was,WR,A,18,14,126.49,177,177,16%,0,0,0,22.8,127,1.1,57.6,589,3.3,82.5,0,0,0
Donovan Peoples-Jones,Cle,WR,A,18,5,125.59,159,159,37%,0,0,0,2.2,11.0,0,49.4,735,4.4,80.8,0,1.1,1.1
Michael Gallup,Dal,WR,A,18,7,124.03,145,145,38%,0,0,0,0,0,0,54.7,709,4.3,89.7,0,0,0
Romeo Doubs,GB,WR,A,18,6,122.25,165,165,40%,0,0,0,1.0,5.2,0,53.9,636,5.2,81.6,0,0,0
Jerick McKinnon,KC,RB,A,17,10,121.71,142,142,65%,0,0,0,47.6,211,2.1,56.1,399,3.7,66.3,0,0,1.2
Alexander Mattison,Min,RB,A,18,13,120.21,62,62,92%,0,0,0,138,592,4.6,24.6,182,0.8,31.9,0,0,0.7
Alec Pierce,Ind,WR,A,18,11,119.23,209,209,15%,0,0,0,1.0,5.8,0,48.1,660,4.8,80.8,0,0,0
Wan'Dale Robinson,NYG,WR,Q,18,13,118.06,178,178,12%,0,0,0,17.7,97.9,1.0,50.0,583,3.1,74.6,0,0,0
Parris Campbell,NYG,WR,A,18,13,117.59,230,230,9%,0,0,0,9.8,55.6,0,57.8,632,3.3,88,0,0,0
Jayden Reed,GB,WR,A,17,6,115.25,168,168,12%,0,0,0,0,0,0,57.1,614,4.2,87.8,0,0,0
Devin Singletary,Hou,RB,A,18,7,114.79,130,130,49%,0,0,0,133,539,4.1,26.6,199,0.9,38.1,0,0,1.0
DJ Chark Jr.,Car,WR,A,18,7,114.38,144,144,36%,0,0,0,0,0,0,47.9,660,4.1,84.6,0,0,0
Marvin Mims Jr.,Den,WR,A,17,9,114.08,228,228,5%,0,0,0,1.1,12.7,0,49.7,626,4.2,82.4,0,0,0
Marvin Jones Jr.,Det,WR,A,18,9,113.80,313,313,4%,0,0,0,0,0,0,52.9,615,4.3,86.1,0,0,0
Jonathan Mingo,Car,WR,A,17,7,113.37,166,166,30%,0,0,0,3.0,16.7,0,53.2,623,3.8,89.2,0,0,0
K.J. Osborn,Min,WR,A,18,13,113.14,198,198,15%,0,0,0,1.0,7.9,0,52.4,623,4.0,83.2,0,0,0
Cole Kmet,Chi,TE,A,18,13,111.43,119,119,85%,0,0,0,0,0,0,56.2,583,4.2,84.3,0,0,0
Michael Carter,NYJ,RB,A,18,7,111.04,172,172,28%,0,0,0,112,476,3.0,29.6,222,1.5,38,0,0,0.1
Robert Woods,Hou,WR,A,18,7,109.86,269,269,5%,0,0,0,7.9,46.6,0,55.6,596,3.0,85.9,0,0,0
Dalton Schultz,Hou,TE,A,18,7,109.56,140,140,84%,0,0,0,0,0,0,55.7,570,4.1,86.1,0,0,0
Tank Bigsby,Jax,RB,A,17,9,109.50,203,203,26%,0,0,0,113,478,4.8,23.2,167,1.2,27.6,0,0,1.2
Chuba Hubbard,Car,RB,A,18,7,109.31,152,152,20%,0,0,0,129,533,4.2,22.1,163,0.9,28.8,0,0,1.0
Jalin Hyatt,NYG,WR,A,17,13,109.04,231,231,7%,0,0,0,1,9.9,0,49.3,591,4.1,81.7,0,0,0
Nico Collins,Hou,WR,A,18,7,108.89,113,113,54%,0,0,0,0,0,0,51.8,644,3.1,91.8,0,0,0
Greg Dulcich,Den,TE,A,18,9,108.55,110,110,83%,0,0,0,0,0,0,57.3,590,3.5,87.9,0,0,0
Gerald Everett,LAC,TE,A,18,5,108.45,151,151,61%,0,0,0,0,0,0,52.3,539,4.7,77.6,0,0,0
Marquez Valdes-Scantling,KC,WR,A,18,10,107.27,195,195,12%,0,0,0,0,0,0,40.2,639,3.9,68.7,0,0,0
Corey Davis,NYJ,WR,A,18,7,107.27,249,249,4%,0,0,0,0,0,0,41.1,595,4.5,70.4,0,0,0
Chase Claypool,Chi,WR,Q,18,13,105.85,257,257,6%,0,0,0,9.7,53.0,1.0,41.1,543,3.2,70,0,0,0
Chigoziem Okonkwo,Ten,TE,A,18,7,104.72,111,111,82%,0,0,0,0,0,0,49.1,551,4.2,73.5,0,0,0
Michael Mayer,LV,TE,A,17,13,103.29,214,214,22%,0,0,0,0,0,0,47.8,516,4.6,69.5,0,0,0
Hunter Renfrow,LV,WR,A,18,13,103.21,180,180,12%,0,0,0,4.3,18.5,0,53.3,548,3.3,74,0,0,0
Braxton Berrios,Mia,WR,A,18,10,102.34,329,329,1%,0,0,0,13.9,72.5,1.5,41.7,431,3.0,59.2,1.1,0,1.5
Richie James,KC,WR,A,18,10,102.11,291,291,3%,0,0,0,1.8,5.5,0,48.4,552,3.7,65.2,0,0,0
Darius Slayton,NYG,WR,A,18,13,102.05,250,250,5%,0,0,0,2.1,12.5,0,40.6,611,3.2,76.7,0,0,0
Hayden Hurst,Car,TE,A,18,7,101.31,224,224,16%,0,0,0,0,0,0,52.3,534,3.6,79,0,0,0
John Metchie III,Hou,WR,Q,18,7,100.81,238,238,7%,0,0,0,0,0,0,46.9,558,3.6,76.8,0,0,0
Josh Downs,Ind,WR,Q,17,11,100.39,233,233,3%,0,0,0,5.6,25.3,0,48.3,563,2.9,75.4,0,0,0
Sam LaPorta,Det,TE,A,17,9,100.17,149,149,58%,0,0,0,0,0,0,49.3,534,3.7,71.6,0,0,0
Tyquan Thornton,NE,WR,A,18,11,98.77,196,196,7%,0,0,0,1.1,9.7,0,43.0,570,3.2,75.1,0,0,0
Isaiah Hodgins,NYG,WR,A,18,13,98.68,200,200,9%,0,0,0,1.0,5.0,0,48.0,558,3.1,68.6,0,0,0
Allen Robinson II,Pit,WR,Q,18,6,98.43,184,184,7%,0,0,0,0,0,0,48.2,528,3.6,73.5,0,0,0
Tyler Higbee,LAR,TE,A,18,10,98.01,143,143,63%,0,0,0,0,0,0,52.5,521,3.3,78.9,0,0,0
Dalton Kincaid,Buf,TE,A,17,13,97.45,146,146,75%,0,0,0,0,0,0,45.0,482,4.5,65.1,0,0,0
Dawson Knox,Buf,TE,Q,18,13,95.89,154,154,56%,0,0,0,0,0,0,43.1,478,4.4,59.2,0,0,0
DeVante Parker,NE,WR,A,18,11,95.32,252,252,4%,0,0,0,0,0,0,41.3,561,3.1,70,0,0,0
Van Jefferson,LAR,WR,A,18,10,95.18,218,218,9%,0,0,0,1.0,7.8,0,44.9,543,2.9,73.6,0,0,0
Clyde Edwards-Helaire,KC,RB,A,18,10,94.69,150,150,26%,0,0,0,88.9,396,3.4,20.8,158,1.4,25.1,0,0,0
Jeff Wilson Jr.,Mia,RB,A,18,10,93.59,122,122,55%,0,0,0,98.7,426,3.1,22.1,166,1.1,28.6,0,0,1.0
Tank Dell,Hou,WR,A,17,7,92.20,2072,2072,4%,0,0,0,1.1,8.5,0,51.2,528,2.2,77.1,0,0,0
Kendrick Bourne,NE,WR,A,18,11,90.79,292,292,1%,0,0,0,8.1,47.0,0,38.9,476,3.2,57.4,0,0,0
Kalif Raymond,Det,WR,A,18,9,90.49,1707,1707,1%,0,0,0,4.3,27.2,0,40.0,443,2.8,59.2,1.1,0,0
Leonard Fournette,TB,RB,NA,18,5,89.58,147,147,31%,0,0,0,103,427,3.3,16.2,122,1.1,21.6,0,1.1,1.1
Irv Smith Jr.,Cin,TE,A,18,7,89.14,170,170,35%,0,0,0,0,0,0,42.9,428,4.1,62.8,0,0,0
Zach Ertz,Ari,TE,Q,18,14,88.47,182,182,17%,0,0,0,0,0,0,45.9,450,3.4,70,0,0,0
Kyren Williams,LAR,RB,A,18,10,88.10,283,283,4%,0,0,0,82.6,330,2.0,27.3,201,1.6,37.6,0,0,0
Chase Brown,Cin,RB,A,17,7,87.34,232,232,8%,0,0,0,91.8,402,3.3,17.2,140,1.1,22.1,0,0,1.1
Noah Fant,Sea,TE,A,18,5,87.19,205,205,10%,0,0,0,0,0,0,39.8,484,3.1,64.6,0,0,0
Joshua Palmer,LAC,WR,A,18,5,86.80,191,191,8%,0,0,0,1.1,7.6,0,37.1,479,3.3,53.9,0,0,0
Kareem Hunt,Cle,RB,NA,18,5,86.55,173,173,23%,0,0,0,97.2,399,3.0,19.4,153,1.0,25.2,0,0,1.0
Ronald Jones,Dal,RB,A,18,7,85.47,285,285,2%,0,0,0,111,487,3.8,11.0,85.4,0,14.4,0,0,0
Gus Edwards,Bal,RB,A,18,13,85.30,171,171,17%,0,0,0,113,523,3.5,9.9,69.6,0,12.6,0,0,0
Greg Dortch,Ari,WR,A,18,14,83.99,1738,1738,2%,0,0,0,2.7,13.2,0,43.8,448,2.7,64.6,0,0,0
Mike Gesicki,NE,TE,A,18,11,83.09,158,158,45%,0,0,0,0,0,0,40.3,434,3.3,62.8,0,0,0
Jerome Ford,Cle,RB,A,18,5,83.01,176,176,17%,0,0,0,87.9,392,2.9,17.9,134,1.0,21.6,0,0,0.9
Trey McBride,Ari,TE,A,18,14,82.52,169,169,16%,0,0,0,0,0,0,43.3,440,3.2,64.6,0,0,1.1
Hunter Henry,NE,TE,A,18,11,81.52,207,207,9%,0,0,0,0,0,0,37.6,436,3.2,59.2,0,0,0
Cade Otton,TB,TE,A,18,5,81.42,235,235,3%,0,0,0,0,0,0,39.6,429,3.1,61,0,0,0
Cordarrelle Patterson,Atl,RB,A,18,11,81.39,162,162,26%,0,0,0,88.6,381,2.2,14.7,107,1.2,18.5,1.2,0,1.1
Terrace Marshall Jr.,Car,WR,A,18,7,80.99,256,256,4%,0,0,0,0,0,0,33.9,450,3.2,58,0,0,0
Tim Patrick,Den,WR,A,18,9,80.41,223,223,6%,0,0,0,0,0,0,32.4,454,3.1,50.3,0,0,0
Juwan Johnson,NO,TE,A,18,11,79.05,164,164,34%,0,0,0,0,0,0,35.2,389,3.8,55.8,0,0,0
Jamal Agnew,Jax,WR,A,18,9,78.88,1744,1744,1%,0,0,0,17.4,95.5,1.1,29.3,286,2.2,39.5,1.1,0,0
Isaiah McKenzie,Ind,WR,A,18,11,76.15,278,278,2%,0,0,0,9.3,51.6,1.0,35.1,349,2.1,50.8,0,0,0
Latavius Murray,Buf,RB,A,17,13,74.76,325,325,3%,0,0,0,88.1,371,2.8,17.2,120,0,19.5,0,0,0
Nick Westbrook-Ikhine,Ten,WR,A,18,7,74.00,330,330,1%,0,0,0,0,0,0,31.6,416,2.8,56,0,0,0
Mack Hollins,Atl,WR,A,18,11,73.91,296,296,2%,0,0,0,0,0,0,32.5,388,3.1,53.8,0,0,0
Brock Purdy,SF,QB,Q,18,9,73.03,187,187,29%,1070,6.5,3.5,20.2,62.2,1.1,0,0,0,0,0,0.6,1.2
Quez Watkins,Phi,WR,A,18,10,72.03,320,320,1%,0,0,0,0,5.5,0,32.0,390,2.7,53.8,0,0,0
Noah Brown,Hou,WR,A,18,7,71.80,1720,1720,1%,0,0,0,0,0,0,33.5,397,2.6,57.2,0,0,0
Cedric Tillman,Cle,WR,A,17,5,71.14,307,307,2%,0,0,0,1.3,7.8,0,32.3,387,2.6,51.4,0,0,0
Jake Ferguson,Dal,TE,A,18,7,71.06,280,280,8%,0,0,0,0,0,0,33.2,347,3.3,46.7,0,0,0
Kendre Miller,NO,RB,NFI-A,17,11,70.58,129,129,52%,0,0,0,75.7,320,2.7,13.1,105,0.9,18.2,0,0,0
Tyler Conklin,NYJ,TE,A,18,7,70.23,193,193,12%,0,0,0,0,0,0,39.1,377,2.2,55.6,0,0,0
Joshua Kelley,LAC,RB,A,18,5,69.47,188,188,5%,0,0,0,84.8,356,3.4,11.2,79.9,0.0,14.3,0,0,0
Kenneth Gainwell,Phi,RB,A,18,10,68.65,127,127,37%,0,0,0,59.2,268,1.7,20.9,153,0.9,27.6,0,0,0
DeWayne McBride,Min,RB,A,17,13,67.27,2105,2105,3%,0,0,0,90.5,386,3.3,7.2,54.9,0.0,9.8,0,0,0
Zach Evans,LAR,RB,A,17,10,67.20,202,202,4%,0,0,0,85,341,2.2,12.9,92.6,0.7,17,0,0,0
Josh Reynolds,Det,WR,A,18,9,67.12,293,293,2%,0,0,0,1.4,7.1,0,28.6,351,2.8,46.6,0,0,0
Ray-Ray McCloud III,SF,WR,A,18,9,67.09,2097,2097,1%,0,0,0,4.0,23.9,0,29.9,305,2.0,44.9,1.2,0,0
Nyheim Hines,Buf,RB,A,18,13,66.55,275,275,3%,0,0,0,32.7,140,1.5,22.3,170,1.5,29,1.1,0,0
Deuce Vaughn,Dal,RB,A,17,7,66.22,2126,2126,4%,0,0,0,50.1,235,2.1,19.2,146,1.0,23.8,0,0,0
Tyjae Spears,Ten,RB,A,17,7,64.66,239,239,6%,0,0,0,71.4,298,1.9,15.5,112,0.7,20.4,0,0,0
Pierre Strong Jr.,NE,RB,A,18,11,64.38,219,219,4%,0,0,0,73.5,307,2.5,12.5,93.9,0.8,16.6,0,0,0.8
Roschon Johnson,Chi,RB,A,17,13,63.52,181,181,24%,0,0,0,69.9,290,2.5,13.5,100,0.7,18,0,0,0.8
Luke Musgrave,GB,TE,A,17,6,63.14,208,208,7%,0,0,0,0,0,0,31.6,328,2.4,45.1,0,0,0
Kayshon Boutte,NE,WR,A,17,11,62.88,1963,1963,1%,0,0,0,2.7,5.3,0,29.3,317,2.7,45.9,0,0,0
Jauan Jennings,SF,WR,A,18,9,61.83,1749,1749,1%,0,0,0,0,0,0,31.1,334,2.1,50.3,0,0,0
Keaontay Ingram,Ari,RB,A,18,14,59.33,2276,2276,2%,0,0,0,75.4,302,1.7,11.2,81.9,0.8,14.3,0,0,0
Israel Abanikanda,NYJ,RB,A,17,7,58.72,324,324,3%,0,0,0,69.7,300,2.9,9.1,68.5,0.0,11.9,0,0,0
Tutu Atwell,LAR,WR,A,18,10,58.68,266,266,1%,0,0,0,3.1,16.7,0,23.9,326,2.1,41.3,0,0,0
Eric Gray,NYG,RB,A,17,13,58.51,2169,2169,3%,0,0,0,79.4,329,2.0,11.4,81.5,0.0,15.3,0,0,0
Taysom Hill,NO,TE,A,18,11,58.44,201,201,40%,85.4,0.7,0.7,54.3,249,2.8,5.0,49.3,0.7,7.8,0,0.7,0.7
Trent Sherfield,Buf,WR,A,18,13,57.86,1860,1860,1%,0,0,0,3.4,10.3,0,29.0,319,1.7,44.9,0,0,0
Zamir White,LV,RB,A,18,13,57.35,179,179,12%,0,0,0,82.4,334,2.6,7.0,49.0,0,9.2,0,0,0
Ben Skowronek,LAR,WR,Q,18,10,57.13,1757,1757,1%,0,0,0,2.1,9.3,0,27.9,299,2.1,43.1,0,0,0
Foster Moreau,NO,TE,A,17,11,57.05,356,356,1%,0,0,0,0,0,0,29.5,282,2.3,43.6,0,0,0
Jamison Crowder,NYG,WR,A,18,13,56.36,2081,2081,0%,0,0,0,0,0,0,28.9,309,1.8,42.1,0,0,0
Darnell Washington,Pit,TE,A,17,6,56.27,322,322,2%,0,0,0,0,0,0,27.4,282,2.4,39.3,0,0,0
Olamide Zaccheaus,Phi,WR,A,18,10,56.20,1721,1721,1%,0,0,0,2.2,6.8,0,25.0,295,2.3,39.5,0,0,0
Devin Duvernay,Bal,WR,A,18,13,56.07,312,312,3%,0,0,0,7.8,44.0,0,23.6,267,1.6,38.7,1.1,0,1.5
Xavier Hutchinson,Hou,WR,A,17,7,55.91,1978,1978,1%,0,0,0,1.0,7.8,0,24.3,313,1.9,44.2,0,0,0
Luke Schoonmaker,Dal,TE,Q,17,7,54.70,1824,1824,2%,0,0,0,0,0,0,26.7,267,2.4,41.9,0,0,0
Demarcus Robinson,LAR,WR,A,17,10,53.89,-,-,0%,0,0,0,0,0,0,25.9,290,2.0,47.6,0,0,0
Danny Gray,SF,WR,A,18,9,53.65,2292,2292,0%,0,0,0,1.9,5.8,0,23.1,299,1.9,37.6,0,0,0
Chase Edmonds,TB,RB,A,18,5,53.57,211,211,3%,0,0,0,49.1,193,2.1,13.0,92.8,1.0,16.4,0,0,0
Pharaoh Brown,Ind,TE,A,18,11,52.93,1879,1879,0%,0,0,0,0,0,0,26.5,257,2.3,39.5,0,0,0
KJ Hamler,Den,WR,Q,18,9,52.67,314,314,1%,0,0,0,0,0,0,21.1,295,2.1,38,0,0,0
Nelson Agholor,Bal,WR,A,18,13,52.61,1746,1746,1%,0,0,0,1.6,18.4,0,22.9,298,1.6,40.7,0,0,0
Austin Hooper,LV,TE,A,18,13,52.49,302,302,2%,0,0,0,0,0,0,27.7,272,1.9,38.7,0,0,0
Sterling Shepard,NYG,WR,Q,18,13,52.11,289,289,1%,0,0,0,0,0,0,25.8,269,2.1,39.5,0,0,0
Jalen Guyton,LAC,WR,Q,18,5,51.40,1875,1875,0%,0,0,0,1.1,6.4,0,19.2,284,2.1,30.5,0,0,0
Parker Washington,Jax,WR,A,17,9,51.27,2026,2026,0%,0,0,0,2.0,4.0,0,22.2,276,2.0,35.7,0,0,0
Jelani Woods,Ind,TE,Q,18,11,51.23,210,210,6%,0,0,0,0,0,0,24.2,270,2.0,37.6,0,0,0
Hassan Haskins,Ten,RB,A,18,7,50.81,284,284,1%,0,0,0,59.1,243,2.1,10.6,82.9,0.0,13,0,0,0
Sean Tucker,TB,RB,Q,17,5,50.68,225,225,1%,0,0,0,64.6,255,2.0,11.2,78.3,0,13.6,0,0,0
Mo Alie-Cox,Ind,TE,A,18,11,50.09,1734,1734,0%,0,0,0,0,0,0,22.1,251,2.3,32.3,0,0,0
JaMycal Hasty,Jax,RB,A,18,9,49.37,287,287,1%,0,0,0,40.7,173,1.6,18.0,136,0,21.5,0,0,0
Noah Gray,KC,TE,A,18,10,49.03,1739,1739,1%,0,0,0,0,0,0,23.8,235,2.3,32.3,0,0,0
Zack Moss,Ind,RB,A,18,11,49.00,243,243,2%,0,0,0,62.2,256,2.3,7.5,57.9,0.0,9.4,0,0,0
C.J. Uzomah,NYJ,TE,PUP-P,18,7,48.88,1714,1714,1%,0,0,0,0,0,0,23.6,242,2.1,35.9,0,0,0
D'Ernest Johnson,Jax,RB,A,18,9,48.04,236,236,1%,0,0,0,50.2,217,2.2,10.7,79.0,0.0,12.6,0,0,0
Matt Breida,NYG,RB,A,18,13,47.82,308,308,3%,0,0,0,54.7,236,2.0,9.3,72.3,0.0,12.5,0,0,0
Daniel Bellinger,NYG,TE,A,18,13,47.53,345,345,2%,0,0,0,0,0,0,24.9,260,1.5,37,0,0,0
Chris Moore,Ten,WR,A,18,7,47.49,1702,1702,1%,0,0,0,2.0,13.8,0,21.7,233,2.0,32.3,0,0,0
Zonovan Knight,NYJ,RB,Q,18,7,47.47,242,242,3%,0,0,0,58.1,245,2.3,7.2,53.7,0.0,9.4,0,0,0
Jody Fortson,KC,TE,A,18,10,46.63,1741,1741,0%,0,0,0,0,0,0,21.3,225,2.2,28.7,0,0,0
Randall Cobb,NYJ,WR,PUP-P,17,7,46.39,1716,1716,1%,0,0,0,1.5,4.6,0,24.1,246,1.5,35.7,0,0,0
Tommy Tremble,Car,TE,A,18,7,46.17,1747,1747,0%,0,0,0,0,0,0,22.6,225,2.1,37.7,0,0,0
Michael Wilson,Ari,WR,A,17,14,45.97,1979,1979,2%,0,0,0,0,0,0,22.0,248,1.7,35.7,0,0,0
Tucker Kraft,GB,TE,A,17,6,45.63,1769,1769,1%,0,0,0,0,0,0,21.0,232,2.0,32.3,0,0,0
Peyton Hendershot,Dal,TE,A,18,7,45.59,1740,1740,0%,0,0,0,0,0,0,22.7,218,2.1,33.5,0,0,0
DeAndre Carter,LV,WR,A,18,13,45.04,1727,1727,1%,0,0,0,4.1,27.0,0,17.5,189,1.3,28.8,1.1,0,0
Albert Okwuegbunam,Den,TE,A,18,9,45.02,317,317,1%,0,0,0,0,0,0,23.8,245,1.4,32.3,0,0,0
Corey Clement,Ari,RB,A,17,14,44.87,1859,1859,0%,0,0,0,61.2,240,1.9,7.7,56.1,0,10.2,0,0,0